[
  {
    "id": "d3e20049-802f-4197-9426-a87f94a37bfc",
    "data": [
      {
        "text": "Hello",
        "userDefined": false
      }
    ],
    "isTemplate": false,
    "count": 0,
    "updated": 0
  },
  {
    "id": "cf81b702-e5c8-490e-bd7e-af385606cc9b",
    "data": [
      {
        "text": "Hey",
        "userDefined": false
      }
    ],
    "isTemplate": false,
    "count": 0,
    "updated": 0
  },
  {
    "id": "90b44fde-cb03-4372-a159-9b414b840f48",
    "data": [
      {
        "text": "HI",
        "userDefined": false
      }
    ],
    "isTemplate": false,
    "count": 0,
    "updated": 0
  }
]